Experiment,tau,lambda,Mean RMSE,Median RMSE,Std RMSE,Q1 RMSE,Q3 RMSE,Mean Sparsity,Median Sparsity,Std Sparsity
Baseline (GridSearch),Variable (GridSearch),Variable (GridSearch),0.45445987351920974,0.2801277701101016,0.37976996305862537,0.18533187616735605,0.5954820909546719,4.224170616113744,4.0,1.775153327411199
Loose τ (0.05),0.05,10,5.242474269554677,4.528654995064899,2.5360924641426426,3.3468569305272453,6.548194209257378,25.990521327014218,26.0,0.29354059162072416
Strict τ (0.30),0.3,10,4.8402205765241435,4.121597735589646,2.5455320456658046,2.931150954567879,6.148930707475677,20.01516587677725,20.0,2.228798444909256
Weak λ (5),0.15,5,10.505381275775378,9.062038364640868,5.129336885021729,6.671830333039885,13.134985253301785,25.970142180094786,26.0,0.42943750122985974
Strong λ (50),0.15,50,0.7786358125986147,0.6448885764167203,0.45701286511643413,0.43395604157387707,1.0192970826076198,12.577251184834124,13.0,2.4951999470520874
