Experiment,tau,lambda,Baseline_Mean_RMSE,Experiment_Mean_RMSE,Mean_Difference,Percent_Improvement,Wilcoxon_statistic,Wilcoxon_p,MannWhitney_statistic,MannWhitney_p,Paired_ttest_statistic,Paired_ttest_p,Cohens_d,Cliffs_delta,Significant_at_0.05,Significant_at_0.01,Significant_at_0.001
Loose τ (0.05),0.05,10,0.45445987351920974,5.242474269554677,-4.788014396035467,91.33119496344587,0.0,0.0,2662.0,0.0,-101.48328726147643,0.0,-2.6405224625080415,-0.9988041598346847,True,True,True
Strict τ (0.30),0.3,10,0.45445987351920974,4.8402205765241435,-4.385760703004934,90.61076109375233,0.0,0.0,6053.0,0.0,-92.56295620296999,0.0,-2.4099116677400305,-0.9972808337638418,True,True,True
Weak λ (5),0.15,5,0.45445987351920974,10.505381275775378,-10.050921402256169,95.6740277997605,0.0,0.0,104.0,0.0,-96.98866030352185,0.0,-2.7635832774604108,-0.9999532804743829,True,True,True
Strong λ (50),0.15,50,0.45445987351920974,0.7786358125986147,-0.32417593907940495,41.633833665767575,0.0,0.0,1048438.0,1.3698207557534953e-194,-130.86331097762445,0.0,-0.7715348298561142,-0.5290141730868579,True,True,True
